{
    "accuracy": 0.675,
    "precision": 0.6956521739130435,
    "recall": 0.7272727272727273,
    "f1_score": 0.7111111111111111,
    "roc_auc": 0.7342171717171717
}